key,role,grade,city,format,n,p25,p50,p75,from,counts_json
bi-analyst|middle|*|*,bi-analyst,middle,*,*,40,151000,173000,189000,40000,"[1, 0, 0, 3, 2, 7, 9, 10, 2, 1, 3, 2]"
business-analyst|junior|*|*,business-analyst,junior,*,*,22,80000,102000,129000,0,"[1, 0, 1, 3, 5, 5, 3, 2, 1, 1]"
data-analyst|senior|*|*,data-analyst,senior,*,*,109,247000,288000,360000,140000,"[2, 2, 7, 4, 6, 16, 11, 12, 15, 5, 1, 13, 2, 6, 3, 1, 1, 1, 0, 0, 0, 0, 1]"
data-analyst|senior|*|hybrid,data-analyst,senior,*,hybrid,39,243000,291000,377000,140000,"[2, 1, 4, 0, 2, 6, 3, 2, 3, 1, 0, 6, 2, 5, 0, 0, 0, 1, 0, 0, 0, 0, 1]"
data-analyst|senior|msk|*,data-analyst,senior,msk,*,70,266000,310000,370000,140000,"[1, 1, 1, 0, 2, 10, 8, 8, 9, 5, 1, 10, 2, 6, 2, 1, 1, 1, 0, 0, 0, 0, 1]"
product-analyst|junior-plus|*|*,product-analyst,junior-plus,*,*,53,124000,160000,188000,80000,"[4, 5, 7, 10, 10, 9, 4, 2, 1, 0, 1]"
product-analyst|junior-plus|*|hybrid,product-analyst,junior-plus,*,hybrid,26,128000,160000,184000,80000,"[2, 3, 2, 5, 6, 3, 2, 2, 0, 0, 1]"
product-analyst|junior-plus|msk|hybrid,product-analyst,junior-plus,msk,hybrid,20,148000,163000,191000,80000,"[1, 1, 1, 5, 4, 3, 2, 2, 0, 0, 1]"
system-analyst|middle|*|*,system-analyst,middle,*,*,73,156000,200000,252000,100000,"[1, 13, 5, 7, 10, 9, 3, 9, 7, 4, 1, 3, 1]"
system-analyst|middle|*|hybrid,system-analyst,middle,*,hybrid,21,192000,206000,252000,140000,"[1, 2, 5, 5, 2, 2, 3, 0, 0, 1]"
system-analyst|middle|msk|*,system-analyst,middle,msk,*,39,193000,233000,261000,120000,"[3, 2, 2, 5, 6, 3, 7, 4, 2, 1, 3, 1]"
data-analyst|middle|*|*,data-analyst,middle,*,*,245,154000,192000,225000,40000,"[2, 3, 1, 5, 20, 38, 29, 29, 45, 26, 19, 11, 10, 4, 1, 0, 0, 0, 1, 0, 0, 0, 0, 0, 0, 0, 0, 0, 0, 0, 0, 0, 0, 1]"
data-analyst|middle|*|hybrid,data-analyst,middle,*,hybrid,82,162000,201000,229000,40000,"[1, 0, 0, 1, 5, 12, 7, 8, 17, 13, 6, 5, 3, 2, 1, 0, 0, 0, 0, 0, 0, 0, 0, 0, 0, 0, 0, 0, 0, 0, 0, 0, 0, 1]"
product-analyst|middle|*|*,product-analyst,middle,*,*,166,183000,211000,243000,100000,"[4, 4, 12, 16, 25, 31, 28, 20, 9, 7, 4, 3, 1, 2]"
product-analyst|middle|*|hybrid,product-analyst,middle,*,hybrid,68,193000,216000,246000,140000,"[5, 6, 8, 19, 12, 8, 3, 4, 2, 0, 0, 1]"
product-analyst|middle|msk|*,product-analyst,middle,msk,*,109,193000,220000,250000,100000,"[1, 0, 2, 14, 14, 21, 20, 17, 6, 6, 3, 2, 1, 2]"
product-analyst|middle|msk|hybrid,product-analyst,middle,msk,hybrid,50,201000,221000,250000,160000,"[6, 4, 14, 10, 7, 3, 3, 2, 0, 0, 1]"
data-analyst|intern|*|*,data-analyst,intern,*,*,12,44000,56000,67000,20000,"[3, 4, 5]"
product-analyst|lead|*|*,product-analyst,lead,*,*,39,315000,390000,457000,200000,"[1, 0, 0, 6, 0, 3, 3, 2, 3, 4, 2, 2, 3, 4, 1, 0, 1, 0, 1, 1, 1, 0, 1]"
product-analyst|middle-plus|*|*,product-analyst,middle-plus,*,*,101,241000,280000,302000,120000,"[2, 2, 2, 3, 3, 10, 14, 13, 22, 11, 4, 7, 2, 1, 0, 2, 1, 1, 0, 1]"
product-analyst|middle-plus|*|hybrid,product-analyst,middle-plus,*,hybrid,41,240000,280000,305000,120000,"[1, 0, 1, 1, 2, 3, 7, 5, 7, 7, 1, 3, 1, 0, 0, 1, 1]"
product-analyst|middle-plus|msk|*,product-analyst,middle-plus,msk,*,60,255000,286000,310000,160000,"[1, 1, 2, 5, 7, 6, 16, 8, 4, 6, 1, 0, 0, 1, 1, 1]"
product-analyst|middle-plus|msk|hybrid,product-analyst,middle-plus,msk,hybrid,31,250000,285000,306000,160000,"[1, 0, 2, 2, 4, 4, 5, 7, 1, 2, 1, 0, 0, 1, 1]"
business-analyst|senior|*|*,business-analyst,senior,*,*,33,241000,258000,300000,180000,"[2, 1, 4, 10, 5, 1, 4, 2, 0, 2, 1, 0, 1]"
system-analyst|junior|*|*,system-analyst,junior,*,*,23,85000,105000,125000,40000,"[2, 3, 4, 7, 4, 1, 2]"
bi-analyst|middle|*|hybrid,bi-analyst,middle,*,hybrid,18,152000,186000,233000,100000,"[1, 2, 2, 3, 3, 2, 0, 3, 2]"
bi-analyst|middle|msk|*,bi-analyst,middle,msk,*,19,159000,175000,186000,100000,"[1, 2, 2, 5, 5, 0, 0, 2, 2]"
data-analyst|middle|*|remote,data-analyst,middle,*,remote,125,153000,188000,220000,40000,"[1, 2, 1, 3, 13, 17, 18, 15, 22, 12, 10, 1, 7, 2, 0, 0, 0, 0, 1]"
data-analyst|middle|msk|*,data-analyst,middle,msk,*,142,170000,203000,239000,100000,"[2, 8, 18, 15, 15, 29, 19, 12, 11, 7, 4, 1, 0, 0, 0, 1]"
data-analyst|middle|msk|remote,data-analyst,middle,msk,remote,55,166000,200000,234000,100000,"[1, 6, 4, 8, 5, 11, 7, 5, 1, 4, 2, 0, 0, 0, 0, 1]"
system-analyst|lead|*|*,system-analyst,lead,*,*,16,310000,377000,485000,60000,"[1, 0, 0, 0, 0, 0, 0, 0, 0, 1, 1, 1, 0, 3, 0, 1, 1, 1, 1, 0, 1, 0, 2, 1, 0, 0, 0, 0, 1]"
business-analyst|junior-plus|*|*,business-analyst,junior-plus,*,*,26,102000,117000,150000,40000,"[2, 0, 2, 10, 0, 8, 3, 1]"
product-analyst|middle|*|remote,product-analyst,middle,*,remote,82,176000,217000,247000,100000,"[3, 3, 6, 9, 10, 11, 15, 10, 6, 2, 2, 3, 1, 1]"
data-analyst|middle|spb|*,data-analyst,middle,spb,*,35,176000,200000,219000,100000,"[2, 1, 3, 4, 7, 9, 5, 2, 0, 2]"
system-analyst|junior-plus|*|*,system-analyst,junior-plus,*,*,27,103000,129000,159000,60000,"[1, 6, 1, 7, 6, 2, 2, 0, 2]"
business-analyst|middle-plus|*|*,business-analyst,middle-plus,*,*,41,192000,216000,250000,60000,"[1, 0, 0, 1, 2, 4, 6, 8, 8, 2, 5, 1, 1, 1, 1]"
product-analyst|middle-plus|*|remote,product-analyst,middle-plus,*,remote,47,260000,280000,306000,140000,"[1, 0, 0, 0, 5, 6, 7, 14, 3, 3, 3, 1, 1, 0, 1, 0, 1, 0, 1]"
data-analyst|middle-plus|*|*,data-analyst,middle-plus,*,*,114,200000,242000,282000,60000,"[1, 1, 3, 1, 2, 9, 10, 21, 8, 21, 4, 10, 12, 3, 1, 3, 2, 2]"
data-analyst|middle-plus|*|office,data-analyst,middle-plus,*,office,16,169000,207000,252000,100000,"[2, 0, 0, 4, 1, 3, 1, 4, 0, 0, 1]"
system-analyst|middle-plus|*|*,system-analyst,middle-plus,*,*,51,211000,251000,283000,120000,"[1, 2, 3, 4, 6, 5, 7, 7, 5, 5, 4, 1, 0, 0, 1]"
product-analyst|junior|*|*,product-analyst,junior,*,*,45,96000,117000,131000,60000,"[5, 8, 11, 13, 3, 3, 1, 1]"
ml-engineer|junior|*|*,ml-engineer,junior,*,*,12,91000,107000,130000,40000,"[1, 0, 3, 3, 3, 1, 0, 1]"
data-analyst|junior|*|*,data-analyst,junior,*,*,72,85000,107000,130000,40000,"[1, 13, 12, 18, 13, 9, 3, 1, 1, 0, 1]"
data-analyst|junior|*|office,data-analyst,junior,*,office,16,89000,104000,120000,60000,"[4, 3, 4, 3, 1, 1]"
data-analyst|junior|msk|*,data-analyst,junior,msk,*,40,100000,124000,143000,60000,"[3, 3, 10, 11, 8, 3, 1, 0, 0, 1]"
product-analyst|senior|*|*,product-analyst,senior,*,*,78,258000,309000,380000,180000,"[4, 3, 4, 9, 4, 10, 9, 8, 4, 2, 5, 6, 4, 1, 2, 2, 0, 1]"
product-analyst|senior|*|remote,product-analyst,senior,*,remote,38,271000,310000,396000,200000,"[3, 3, 3, 1, 4, 6, 2, 3, 1, 2, 3, 1, 1, 2, 2, 0, 1]"
product-analyst|senior|msk|*,product-analyst,senior,msk,*,48,287000,325000,392000,240000,"[6, 3, 6, 6, 5, 4, 2, 5, 5, 3, 0, 1, 2]"
data-scientist|middle|*|*,data-scientist,middle,*,*,26,206000,229000,270000,160000,"[1, 5, 4, 5, 3, 3, 1, 2, 1, 0, 0, 0, 1]"
system-analyst|senior|*|*,system-analyst,senior,*,*,39,260000,314000,347000,180000,"[1, 2, 2, 4, 5, 1, 6, 5, 6, 3, 1, 0, 1, 1, 0, 0, 0, 0, 1]"
data-analyst|junior-plus|*|*,data-analyst,junior-plus,*,*,74,120000,142000,159000,40000,"[1, 3, 4, 10, 15, 22, 12, 3, 4]"
data-analyst|junior-plus|*|hybrid,data-analyst,junior-plus,*,hybrid,31,118000,145000,161000,40000,"[1, 2, 2, 3, 5, 9, 5, 1, 3]"
data-analyst|senior|*|office,data-analyst,senior,*,office,17,237000,290000,303000,160000,"[1, 1, 2, 1, 1, 2, 4, 3, 0, 1, 1]"
product-analyst|middle|spb|*,product-analyst,middle,spb,*,21,187000,200000,222000,120000,"[1, 3, 0, 5, 6, 3, 2, 1]"
data-analyst|junior|*|hybrid,data-analyst,junior,*,hybrid,27,86000,108000,142000,60000,"[4, 5, 7, 3, 5, 1, 0, 1, 0, 1]"
data-analyst|junior|msk|hybrid,data-analyst,junior,msk,hybrid,17,100000,130000,144000,60000,"[1, 1, 5, 3, 5, 1, 0, 0, 0, 1]"
data-analyst|junior-plus|msk|*,data-analyst,junior-plus,msk,*,41,130000,148000,169000,40000,"[1, 1, 1, 4, 7, 14, 7, 2, 4]"
business-analyst|middle|*|*,business-analyst,middle,*,*,65,135000,174000,200000,80000,"[2, 6, 11, 8, 8, 12, 7, 2, 4, 2, 1, 2]"
business-analyst|middle|*|hybrid,business-analyst,middle,*,hybrid,21,130000,174000,200000,80000,"[1, 3, 3, 3, 1, 4, 2, 1, 2, 0, 0, 1]"
data-analyst|middle|*|office,data-analyst,middle,*,office,38,150000,184000,217000,60000,"[1, 0, 1, 2, 9, 4, 6, 6, 1, 3, 5]"
data-analyst|middle-plus|*|remote,data-analyst,middle-plus,*,remote,48,197000,218000,280000,60000,"[1, 1, 1, 1, 1, 3, 7, 10, 3, 6, 1, 5, 3, 2, 0, 1, 2]"
data-analyst|middle-plus|msk|*,data-analyst,middle-plus,msk,*,75,211000,251000,297000,80000,"[1, 1, 0, 1, 2, 8, 10, 6, 16, 4, 7, 10, 2, 1, 3, 1, 2]"
data-scientist|senior|*|*,data-scientist,senior,*,*,19,230000,276000,305000,20000,"[1, 0, 0, 0, 0, 0, 1, 1, 1, 1, 0, 1, 4, 3, 3, 0, 0, 0, 2, 0, 0, 1]"
data-analyst|middle-plus|*|hybrid,data-analyst,middle-plus,*,hybrid,50,222000,252000,300000,140000,"[1, 2, 2, 8, 4, 11, 3, 5, 8, 1, 1, 2, 0, 2]"
data-analyst|middle-plus|msk|hybrid,data-analyst,middle-plus,msk,hybrid,39,237000,258000,302000,160000,"[1, 2, 4, 4, 9, 3, 4, 6, 1, 1, 2, 0, 2]"
ml-engineer|middle-plus|*|*,ml-engineer,middle-plus,*,*,16,225000,265000,304000,120000,"[1, 0, 1, 1, 1, 1, 3, 2, 1, 2, 2, 0, 0, 1]"
data-analyst|middle|msk|hybrid,data-analyst,middle,msk,hybrid,62,179000,207000,239000,120000,"[2, 9, 5, 5, 14, 11, 5, 5, 3, 2, 1]"
data-engineer|middle|*|*,data-engineer,middle,*,*,18,166000,197000,225000,40000,"[1, 0, 0, 0, 0, 3, 2, 3, 4, 2, 1, 1, 0, 1]"
business-analyst|middle-plus|msk|*,business-analyst,middle-plus,msk,*,19,215000,230000,258000,160000,"[2, 2, 2, 6, 2, 1, 1, 1, 1, 1]"
data-engineer|junior|*|*,data-engineer,junior,*,*,13,116000,125000,156000,80000,"[2, 2, 4, 2, 2, 0, 0, 0, 1]"
data-analyst|junior|*|remote,data-analyst,junior,*,remote,29,85000,107000,130000,40000,"[1, 5, 4, 7, 7, 3, 1, 1]"
product-analyst|senior|msk|remote,product-analyst,senior,msk,remote,22,301000,349000,396000,240000,"[3, 0, 2, 3, 2, 3, 1, 2, 2, 1, 0, 1, 2]"
data-analyst|lead|*|*,data-analyst,lead,*,*,29,299000,349000,400000,200000,"[2, 0, 2, 0, 4, 3, 2, 5, 1, 2, 3, 0, 1, 2, 0, 1, 1]"
data-analyst|senior|*|remote,data-analyst,senior,*,remote,53,251000,285000,330000,180000,"[2, 2, 3, 9, 6, 6, 9, 4, 0, 6, 0, 1, 3, 1, 1]"
data-analyst|senior|msk|remote,data-analyst,senior,msk,remote,32,269000,308000,362000,240000,"[6, 5, 4, 4, 4, 0, 4, 0, 1, 2, 1, 1]"
data-scientist|junior-plus|*|*,data-scientist,junior-plus,*,*,15,145000,179000,200000,120000,"[4, 2, 2, 3, 2, 2]"
ml-engineer|middle|*|*,ml-engineer,middle,*,*,30,180000,220000,270000,120000,"[1, 2, 5, 4, 3, 6, 1, 0, 4, 1, 0, 1, 0, 1, 0, 0, 1]"
business-analyst|middle|*|remote,business-analyst,middle,*,remote,29,155000,180000,212000,80000,"[1, 2, 2, 4, 4, 7, 3, 1, 1, 2, 1, 1]"
business-analyst|middle|msk|*,business-analyst,middle,msk,*,37,163000,186000,214000,80000,"[1, 1, 4, 2, 6, 9, 6, 1, 4, 2, 1]"
data-analyst|junior-plus|*|office,data-analyst,junior-plus,*,office,18,104000,136000,149000,60000,"[1, 2, 3, 4, 6, 1, 1]"
product-analyst|senior-plus|*|*,product-analyst,senior-plus,*,*,22,360000,396000,437000,220000,"[1, 1, 1, 2, 0, 0, 1, 2, 4, 2, 2, 2, 1, 0, 2, 1]"
system-analyst|middle|*|remote,system-analyst,middle,*,remote,39,155000,203000,262000,100000,"[1, 7, 3, 5, 2, 4, 1, 5, 4, 3, 1, 2, 1]"
ml-engineer|senior|*|*,ml-engineer,senior,*,*,17,324000,407000,468000,240000,"[1, 0, 0, 1, 5, 1, 0, 0, 3, 1, 0, 1, 1, 1, 0, 0, 0, 0, 1, 1]"
system-analyst|middle|msk|remote,system-analyst,middle,msk,remote,19,179000,247000,276000,120000,"[2, 2, 1, 1, 2, 1, 3, 2, 1, 1, 2, 1]"
data-analyst|junior-plus|*|remote,data-analyst,junior-plus,*,remote,25,126000,143000,161000,100000,"[4, 6, 7, 6, 1, 1]"
data-analyst|middle|msk|office,data-analyst,middle,msk,office,25,167000,195000,256000,100000,"[1, 0, 5, 2, 5, 4, 1, 2, 5]"
business-analyst|middle|*|office,business-analyst,middle,*,office,15,126000,144000,182000,100000,"[1, 6, 1, 3, 1, 2, 0, 1]"
bi-analyst|middle-plus|*|*,bi-analyst,middle-plus,*,*,22,176000,203000,250000,120000,"[2, 1, 3, 3, 3, 3, 2, 3, 0, 1, 1]"
product-analyst|junior|*|remote,product-analyst,junior,*,remote,22,95000,117000,126000,60000,"[2, 6, 4, 7, 2, 1]"
data-scientist|middle-plus|*|*,data-scientist,middle-plus,*,*,16,258000,316000,344000,180000,"[1, 0, 2, 1, 1, 0, 3, 2, 5, 0, 0, 1]"
product-analyst|middle-plus|spb|*,product-analyst,middle-plus,spb,*,14,255000,277000,293000,240000,"[5, 2, 4, 1, 0, 1, 1]"
product-analyst|middle|*|office,product-analyst,middle,*,office,16,176000,190000,209000,100000,"[1, 1, 1, 1, 7, 1, 1, 2, 0, 1]"
product-analyst|junior-plus|msk|remote,product-analyst,junior-plus,msk,remote,14,143000,178000,198000,100000,"[1, 2, 3, 1, 4, 2, 0, 1]"
system-analyst|senior-plus|*|*,system-analyst,senior-plus,*,*,13,316000,350000,390000,240000,"[1, 2, 0, 2, 1, 1, 1, 2, 0, 0, 2, 0, 1]"
data-scientist|junior|*|*,data-scientist,junior,*,*,14,109000,135000,160000,60000,"[1, 2, 2, 4, 1, 3, 0, 0, 1]"
data-analyst|senior-plus|*|*,data-analyst,senior-plus,*,*,34,293000,337000,362000,180000,"[1, 2, 0, 1, 4, 2, 4, 5, 6, 2, 2, 1, 0, 2, 1, 0, 1]"
data-analyst|senior|spb|*,data-analyst,senior,spb,*,16,251000,273000,314000,180000,"[1, 0, 2, 4, 2, 1, 3, 0, 0, 2, 0, 0, 1]"
system-analyst|middle-plus|*|remote,system-analyst,middle-plus,*,remote,26,220000,252000,281000,160000,"[1, 3, 3, 4, 4, 3, 2, 3, 1, 1, 0, 0, 1]"
system-analyst|middle-plus|msk|remote,system-analyst,middle-plus,msk,remote,20,223000,253000,286000,160000,"[1, 1, 3, 3, 3, 2, 2, 3, 1, 0, 0, 0, 1]"
product-analyst|middle-plus|*|office,product-analyst,middle-plus,*,office,13,197000,220000,269000,120000,"[1, 1, 1, 2, 1, 2, 1, 1, 1, 1, 0, 1]"
marketing-analyst|middle|*|*,marketing-analyst,middle,*,*,13,110000,150000,220000,80000,"[1, 3, 1, 2, 1, 1, 0, 2, 1, 0, 1]"
bi-analyst|senior|*|*,bi-analyst,senior,*,*,14,209000,262000,330000,140000,"[1, 2, 1, 0, 1, 2, 1, 2, 0, 0, 1, 1, 1, 1]"
system-analyst|middle|*|office,system-analyst,middle,*,office,13,128000,146000,198000,120000,"[6, 1, 0, 3, 0, 0, 2, 0, 1]"
backend|middle-plus|*|*,backend,middle-plus,*,*,33,229000,286000,331000,180000,"[1, 5, 3, 6, 1, 2, 5, 4, 2, 1, 1, 0, 1, 1]"
mobile|middle-plus|*|*,mobile,middle-plus,*,*,16,231000,290000,326000,140000,"[1, 1, 0, 0, 3, 2, 1, 0, 2, 4, 0, 1, 1]"
backend|senior|*|*,backend,senior,*,*,44,289000,355000,405000,220000,"[3, 2, 4, 3, 4, 4, 3, 4, 5, 1, 3, 1, 2, 0, 2, 1, 1, 1]"
backend|senior|*|remote,backend,senior,*,remote,22,293000,354000,415000,220000,"[2, 1, 2, 1, 2, 3, 0, 1, 3, 1, 2, 1, 0, 0, 2, 0, 0, 1]"
frontend|middle|*|*,frontend,middle,*,*,50,172000,211000,250000,100000,"[1, 2, 6, 6, 6, 9, 3, 8, 4, 3, 0, 2]"
frontend|middle|*|remote,frontend,middle,*,remote,24,178000,209000,260000,120000,"[1, 2, 4, 3, 3, 0, 5, 2, 3, 0, 1]"
backend|junior|*|*,backend,junior,*,*,25,107000,132000,146000,60000,"[2, 2, 7, 5, 6, 1, 2]"
frontend|junior-plus|*|*,frontend,junior-plus,*,*,17,141000,164000,192000,40000,"[1, 0, 0, 0, 3, 3, 4, 4, 1, 1]"
backend|middle|*|*,backend,middle,*,*,62,185000,219000,264000,140000,"[4, 9, 10, 8, 8, 7, 6, 4, 3, 1, 0, 1, 0, 1]"
backend|middle|*|hybrid,backend,middle,*,hybrid,26,187000,235000,273000,160000,"[4, 4, 3, 3, 3, 5, 1, 1, 1, 0, 1]"
backend|middle|msk|*,backend,middle,msk,*,25,224000,252000,284000,160000,"[1, 3, 2, 3, 7, 1, 3, 3, 0, 0, 1, 0, 1]"
frontend|middle|msk|*,frontend,middle,msk,*,25,203000,245000,264000,140000,"[1, 2, 3, 4, 2, 6, 3, 2, 0, 2]"
backend|middle|*|office,backend,middle,*,office,12,149000,177000,202000,140000,"[4, 2, 3, 1, 0, 1, 0, 0, 1]"
frontend|middle-plus|*|*,frontend,middle-plus,*,*,26,237000,287000,314000,140000,"[1, 0, 1, 0, 6, 3, 1, 3, 5, 1, 3, 0, 0, 1, 0, 1]"
product-manager|middle|*|*,product-manager,middle,*,*,44,200000,246000,281000,140000,"[2, 4, 5, 2, 7, 5, 7, 6, 1, 3, 2]"
product-manager|middle|*|remote,product-manager,middle,*,remote,24,215000,241000,279000,140000,"[2, 2, 2, 0, 6, 3, 4, 2, 0, 1, 2]"
project-manager|senior|*|*,project-manager,senior,*,*,16,242000,272000,325000,180000,"[1, 2, 0, 3, 2, 1, 2, 1, 2, 0, 0, 0, 2]"
product-manager|senior|*|*,product-manager,senior,*,*,19,315000,337000,446000,260000,"[1, 0, 6, 3, 2, 0, 0, 1, 1, 1, 1, 3]"
product-manager|middle|msk|remote,product-manager,middle,msk,remote,18,230000,246000,278000,140000,"[1, 0, 2, 0, 5, 3, 4, 1, 0, 1, 1]"
qa|middle|*|*,qa,middle,*,*,38,135000,180000,202000,80000,"[1, 1, 11, 1, 5, 7, 8, 1, 3]"
qa|senior-plus|*|*,qa,senior-plus,*,*,15,284000,308000,335000,240000,"[1, 1, 4, 4, 2, 1, 1, 1]"
qa|middle-plus|*|*,qa,middle-plus,*,*,28,161000,195000,225000,100000,"[1, 2, 3, 4, 5, 2, 6, 2, 2, 0, 1]"
qa|junior|*|*,qa,junior,*,*,19,79000,92000,106000,60000,"[7, 5, 4, 2, 1]"
product-manager|middle-plus|*|*,product-manager,middle-plus,*,*,32,235000,286000,369000,160000,"[1, 2, 2, 4, 1, 5, 2, 1, 3, 1, 3, 2, 1, 2, 0, 0, 1, 1]"
qa-auto|middle|*|*,qa-auto,middle,*,*,29,168000,182000,222000,120000,"[1, 5, 8, 3, 4, 4, 3, 1]"
devops|middle|*|*,devops,middle,*,*,34,202000,245000,269000,120000,"[1, 0, 3, 3, 5, 4, 3, 10, 2, 2, 0, 0, 0, 0, 1]"
product-owner|middle-plus|*|*,product-owner,middle-plus,*,*,18,238000,292000,312000,180000,"[1, 3, 1, 1, 2, 3, 3, 1, 0, 2, 0, 1]"
product-designer|middle|*|*,product-designer,middle,*,*,37,154000,166000,196000,100000,"[2, 4, 8, 8, 6, 5, 2, 1, 0, 0, 1]"
product-designer|middle|msk|*,product-designer,middle,msk,*,17,160000,180000,209000,120000,"[1, 3, 4, 3, 3, 2, 0, 0, 0, 1]"
backend|middle|*|remote,backend,middle,*,remote,24,206000,227000,262000,160000,"[3, 3, 4, 5, 3, 1, 3, 1, 0, 0, 0, 0, 1]"
mobile|senior|*|*,mobile,senior,*,*,16,338000,389000,453000,220000,"[2, 0, 1, 0, 1, 0, 2, 0, 3, 1, 1, 1, 1, 2, 1]"
project-manager|middle|*|*,project-manager,middle,*,*,35,157000,182000,198000,80000,"[1, 0, 3, 6, 7, 10, 2, 3, 3]"
project-manager|middle|*|hybrid,project-manager,middle,*,hybrid,15,169000,182000,196000,120000,"[1, 2, 3, 6, 0, 2, 1]"
backend|senior|msk|*,backend,senior,msk,*,22,316000,379000,426000,220000,"[1, 1, 2, 1, 1, 2, 1, 2, 3, 1, 3, 0, 2, 0, 1, 1]"
backend|junior-plus|*|*,backend,junior-plus,*,*,23,176000,198000,224000,140000,"[4, 3, 7, 2, 4, 1, 1, 0, 1]"
frontend|junior|*|*,frontend,junior,*,*,22,103000,114000,142000,60000,"[1, 3, 9, 3, 2, 1, 2, 1]"
frontend|senior|*|*,frontend,senior,*,*,25,287000,320000,377000,240000,"[1, 3, 4, 5, 2, 2, 2, 1, 3, 0, 1, 0, 1]"
fullstack|middle-plus|*|*,fullstack,middle-plus,*,*,19,219000,245000,304000,120000,"[1, 0, 0, 0, 4, 3, 3, 0, 3, 1, 1, 2, 0, 1]"
fullstack|middle|*|*,fullstack,middle,*,*,30,163000,201000,245000,120000,"[2, 5, 3, 5, 3, 4, 1, 3, 3, 0, 1]"
mobile|junior|*|*,mobile,junior,*,*,21,127000,137000,155000,80000,"[1, 3, 8, 6, 1, 1, 0, 1]"
mobile|middle|*|*,mobile,middle,*,*,33,196000,211000,263000,140000,"[3, 2, 5, 9, 3, 2, 4, 2, 1, 1, 1]"
product-manager|junior|*|*,product-manager,junior,*,*,13,112000,126000,143000,80000,"[1, 4, 3, 2, 2, 0, 1]"
project-manager|junior|*|*,project-manager,junior,*,*,14,88000,96000,112000,80000,"[8, 3, 2, 1]"
project-manager|middle-plus|*|*,project-manager,middle-plus,*,*,13,172000,183000,263000,140000,"[1, 4, 3, 0, 1, 0, 3, 1]"
product-owner|middle|*|*,product-owner,middle,*,*,23,199000,242000,276000,140000,"[1, 4, 1, 2, 2, 4, 4, 2, 1, 1, 1]"
product-designer|junior|*|*,product-designer,junior,*,*,18,82000,89000,111000,60000,"[4, 8, 3, 2, 1]"
product-designer|senior|*|*,product-designer,senior,*,*,14,230000,260000,306000,200000,"[2, 2, 3, 2, 1, 1, 1, 2]"
product-designer|middle-plus|*|*,product-designer,middle-plus,*,*,16,217000,247000,296000,100000,"[1, 0, 0, 2, 0, 2, 2, 3, 1, 1, 3, 0, 1]"
product-designer|middle|*|hybrid,product-designer,middle,*,hybrid,16,156000,183000,198000,100000,"[1, 1, 3, 3, 4, 2, 1, 1]"
ux-researcher|senior|*|*,ux-researcher,senior,*,*,12,222000,268000,309000,180000,"[1, 1, 3, 0, 2, 1, 2, 0, 0, 1, 1]"
ux-researcher|middle|*|*,ux-researcher,middle,*,*,15,158000,170000,209000,120000,"[2, 2, 5, 1, 2, 0, 1, 1, 0, 1]"
graphic-designer|middle|*|*,graphic-designer,middle,*,*,14,119000,124000,133000,80000,"[1, 3, 7, 2, 0, 0, 0, 1]"
graphic-designer|junior|*|*,graphic-designer,junior,*,*,12,62000,79000,86000,40000,"[1, 5, 5, 1]"
qa|senior|*|*,qa,senior,*,*,24,227000,249000,292000,140000,"[1, 0, 2, 2, 6, 5, 1, 3, 1, 0, 2, 0, 1]"
qa|middle|msk|remote,qa,middle,msk,remote,13,178000,194000,208000,120000,"[1, 0, 4, 3, 3, 1, 1]"
qa-auto|junior|*|*,qa-auto,junior,*,*,12,89000,122000,132000,60000,"[2, 2, 2, 4, 2]"
devops|junior|*|*,devops,junior,*,*,13,125000,150000,169000,100000,"[2, 3, 4, 3, 0, 1]"
devops|middle-plus|*|*,devops,middle-plus,*,*,24,255000,281000,342000,200000,"[1, 1, 5, 5, 4, 1, 0, 2, 1, 1, 0, 1, 1, 0, 0, 1]"
devops|senior|*|*,devops,senior,*,*,17,363000,406000,506000,280000,"[1, 0, 2, 1, 3, 1, 1, 1, 1, 1, 0, 2, 2, 0, 0, 0, 0, 0, 0, 1]"
devops|middle|msk|*,devops,middle,msk,*,14,222000,264000,276000,160000,"[1, 1, 1, 2, 1, 5, 1, 1, 0, 0, 0, 0, 1]"
devops|middle|*|hybrid,devops,middle,*,hybrid,14,244000,266000,275000,120000,"[1, 0, 1, 0, 0, 1, 3, 5, 2, 0, 0, 0, 0, 0, 1]"
sre|middle|*|*,sre,middle,*,*,22,207000,256000,306000,160000,"[2, 2, 2, 2, 5, 0, 3, 2, 2, 0, 1, 1]"
sysadmin|middle|*|*,sysadmin,middle,*,*,16,95000,123000,137000,60000,"[2, 4, 1, 5, 4]"
sysadmin|senior|*|*,sysadmin,senior,*,*,13,175000,202000,206000,140000,"[1, 4, 1, 5, 0, 0, 1, 0, 1]"
